<?xml version="1.0" encoding="UTF-8"?>
<tour start="node14" hassounds="0" apprev="20995" appversion="7.1.9">
  <panorama id="node1">
    <input leveltileurl="tiles/node1/cf_%c/l_%l/c_%x/tile_%y.jpg" leveltilesize="510" levelingpitch="0" width="1024" overlap="1" levelbiashidpi="1.000" levelbias="0.400" height="1024" levelingroll="0">
      <level width="1024" preload="0" height="1024" predecode="0"/>
      <level width="512" preload="0" height="512" predecode="0"/>
      <level width="256" preload="1" height="256" predecode="1"/>
      <preview color="0x808080" strip="1"/>
    </input>
    <view fovmode="2" pannorth="0">
      <start tilt="0" fov="100" pan="0" projection="4"/>
      <flyin tilt="-90" fov="170" pan="0" projection="9"/>
      <min tilt="-90" pan="0" fovpixel="2"/>
      <max fovfisheye="360" tilt="90" scaletofit="1" fov="140" pan="360" fovstereographic="330"/>
    </view>
    <userdata author="" heading="0" nodeid="node1" description="" source="" info="" copyright="" datetime="" title="" longitude="" comment="" latitude="" tags="" customnodeid=""/>
    <hotspots width="180" wordwrap="1" height="20" smoothmovement="0">
      <label borderalpha="1" borderradius="1" backgroundcolor="0xffffff" backgroundalpha="1" textcolor="0x000000" enabled="1" textalpha="1" width="180" bordercolor="0x000000" wordwrap="1" border="1" height="20" background="1"/>
      <polystyle borderalpha="1" handcursor="1" bordercolor="0x0000ff" backgroundcolor="0x0000ff" backgroundalpha="0.25098" mode="0"/>
      <hotspot skinid="ht_node" target="" tilt="-18.26" title="" url="{node5}" description="" id="Point01" pan="-194.14"/>
    </hotspots>
    <media/>
    <transition zoomfov="40" delay="none" zoomafteroutfov="40" blendcolor="0x000000" zoomoutpause="1" blendtime="1" zoomspeed="2" zoomafterinfov="140" enabled="1" type="crossdissolve" softedge="0" zoomin="0" zoomout="0"/>
    <animation animsequence="Animation01" useinautorotation="0" syncanimationwithvideo="0" clipsrandom="0"/>
    <control rubberband="0" speedwheel="1" lockedwheel="0" contextfullscreen="1" hideabout="0" zoomcentercursor="1" sensitivity="8" lockedkeyboardzoom="0" lockedmouse="0" contextvr="1" invertwheel="0" dblclickfullscreen="0" invertcontrol="1" lockedkeyboard="0" contextprojections="0" simulatemass="1"/>
  </panorama>
  <panorama id="node4">
    <input leveltileurl="tiles/node4/cf_%c/l_%l/c_%x/tile_%y.jpg" leveltilesize="510" levelingpitch="0" width="1024" overlap="1" levelbiashidpi="1.000" levelbias="0.400" height="1024" levelingroll="0">
      <level width="1024" preload="0" height="1024" predecode="0"/>
      <level width="512" preload="0" height="512" predecode="0"/>
      <level width="256" preload="1" height="256" predecode="1"/>
      <preview color="0x808080" strip="1"/>
    </input>
    <view fovmode="2" pannorth="0">
      <start tilt="0" fov="100" pan="0" projection="4"/>
      <flyin tilt="-90" fov="170" pan="0" projection="9"/>
      <min tilt="-90" pan="0" fovpixel="2"/>
      <max fovfisheye="360" tilt="90" scaletofit="1" fov="140" pan="360" fovstereographic="330"/>
    </view>
    <userdata author="" heading="0" nodeid="node4" description="" source="" info="" copyright="" datetime="" title="" longitude="" comment="" latitude="" tags="" customnodeid=""/>
    <hotspots width="180" wordwrap="1" height="20" smoothmovement="0">
      <label borderalpha="1" borderradius="1" backgroundcolor="0xffffff" backgroundalpha="1" textcolor="0x000000" enabled="1" textalpha="1" width="180" bordercolor="0x000000" wordwrap="1" border="1" height="20" background="1"/>
      <polystyle borderalpha="1" handcursor="1" bordercolor="0x0000ff" backgroundcolor="0x0000ff" backgroundalpha="0.25098" mode="0"/>
      <hotspot skinid="ht_node" target="" tilt="-4.48" title="" url="{node7}" description="" id="Point01" pan="-47.9"/>
      <hotspot skinid="ht_node" target="" tilt="-9.46" title="" url="{node6}" description="" id="Point02" pan="-198.8"/>
      <hotspot skinid="ht_node" target="" tilt="-6.64" title="" url="{node14}" description="" id="Point03" pan="-312.96"/>
    </hotspots>
    <media/>
    <transition zoomfov="40" delay="none" zoomafteroutfov="40" blendcolor="0x000000" zoomoutpause="1" blendtime="1" zoomspeed="2" zoomafterinfov="140" enabled="1" type="crossdissolve" softedge="0" zoomin="0" zoomout="0"/>
    <animation animsequence="Animation01" useinautorotation="0" syncanimationwithvideo="0" clipsrandom="0"/>
    <control rubberband="0" speedwheel="1" lockedwheel="0" contextfullscreen="1" hideabout="0" zoomcentercursor="1" sensitivity="8" lockedkeyboardzoom="0" lockedmouse="0" contextvr="1" invertwheel="0" dblclickfullscreen="0" invertcontrol="1" lockedkeyboard="0" contextprojections="0" simulatemass="1"/>
  </panorama>
  <panorama id="node5">
    <input leveltileurl="tiles/node5/cf_%c/l_%l/c_%x/tile_%y.jpg" leveltilesize="510" levelingpitch="0" width="1024" overlap="1" levelbiashidpi="1.000" levelbias="0.400" height="1024" levelingroll="0">
      <level width="1024" preload="0" height="1024" predecode="0"/>
      <level width="512" preload="0" height="512" predecode="0"/>
      <level width="256" preload="1" height="256" predecode="1"/>
      <preview color="0x808080" strip="1"/>
    </input>
    <view fovmode="2" pannorth="0">
      <start tilt="0" fov="100" pan="0" projection="4"/>
      <flyin tilt="-90" fov="170" pan="0" projection="9"/>
      <min tilt="-90" pan="0" fovpixel="2"/>
      <max fovfisheye="360" tilt="90" scaletofit="1" fov="140" pan="360" fovstereographic="330"/>
    </view>
    <userdata author="" heading="0" nodeid="node5" description="" source="" info="" copyright="" datetime="" title="" longitude="" comment="" latitude="" tags="" customnodeid=""/>
    <hotspots width="180" wordwrap="1" height="20" smoothmovement="0">
      <label borderalpha="1" borderradius="1" backgroundcolor="0xffffff" backgroundalpha="1" textcolor="0x000000" enabled="1" textalpha="1" width="180" bordercolor="0x000000" wordwrap="1" border="1" height="20" background="1"/>
      <polystyle borderalpha="1" handcursor="1" bordercolor="0x0000ff" backgroundcolor="0x0000ff" backgroundalpha="0.25098" mode="0"/>
      <hotspot skinid="ht_node" target="" tilt="-7.56" title="" url="{node1}" description="" id="Point01" pan="-286.71"/>
      <hotspot skinid="ht_node" target="" tilt="-5.31" title="" url="{node7}" description="" id="Point02" pan="-209.68"/>
      <hotspot skinid="ht_node" target="" tilt="-3.72" title="" url="{node13}" description="" id="Point03" pan="-84.53"/>
    </hotspots>
    <media/>
    <transition zoomfov="40" delay="none" zoomafteroutfov="40" blendcolor="0x000000" zoomoutpause="1" blendtime="1" zoomspeed="2" zoomafterinfov="140" enabled="1" type="crossdissolve" softedge="0" zoomin="0" zoomout="0"/>
    <animation animsequence="Animation01" useinautorotation="0" syncanimationwithvideo="0" clipsrandom="0"/>
    <control rubberband="0" speedwheel="1" lockedwheel="0" contextfullscreen="1" hideabout="0" zoomcentercursor="1" sensitivity="8" lockedkeyboardzoom="0" lockedmouse="0" contextvr="1" invertwheel="0" dblclickfullscreen="0" invertcontrol="1" lockedkeyboard="0" contextprojections="0" simulatemass="1"/>
  </panorama>
  <panorama id="node6">
    <input leveltileurl="tiles/node6/cf_%c/l_%l/c_%x/tile_%y.jpg" leveltilesize="510" levelingpitch="0" width="1024" overlap="1" levelbiashidpi="1.000" levelbias="0.400" height="1024" levelingroll="0">
      <level width="1024" preload="0" height="1024" predecode="0"/>
      <level width="512" preload="0" height="512" predecode="0"/>
      <level width="256" preload="1" height="256" predecode="1"/>
      <preview color="0x808080" strip="1"/>
    </input>
    <view fovmode="2" pannorth="0">
      <start tilt="0" fov="100" pan="0" projection="4"/>
      <flyin tilt="-90" fov="170" pan="0" projection="9"/>
      <min tilt="-90" pan="0" fovpixel="2"/>
      <max fovfisheye="360" tilt="90" scaletofit="1" fov="140" pan="360" fovstereographic="330"/>
    </view>
    <userdata author="" heading="0" nodeid="node6" description="" source="" info="" copyright="" datetime="" title="" longitude="" comment="" latitude="" tags="" customnodeid=""/>
    <hotspots width="180" wordwrap="1" height="20" smoothmovement="0">
      <label borderalpha="1" borderradius="1" backgroundcolor="0xffffff" backgroundalpha="1" textcolor="0x000000" enabled="1" textalpha="1" width="180" bordercolor="0x000000" wordwrap="1" border="1" height="20" background="1"/>
      <polystyle borderalpha="1" handcursor="1" bordercolor="0x0000ff" backgroundcolor="0x0000ff" backgroundalpha="0.25098" mode="0"/>
      <hotspot skinid="ht_node" target="" tilt="-3.41" title="" url="{node4}" description="" id="Point01" pan="-156.96"/>
    </hotspots>
    <media/>
    <transition zoomfov="40" delay="none" zoomafteroutfov="40" blendcolor="0x000000" zoomoutpause="1" blendtime="1" zoomspeed="2" zoomafterinfov="140" enabled="1" type="crossdissolve" softedge="0" zoomin="0" zoomout="0"/>
    <animation animsequence="Animation01" useinautorotation="0" syncanimationwithvideo="0" clipsrandom="0"/>
    <control rubberband="0" speedwheel="1" lockedwheel="0" contextfullscreen="1" hideabout="0" zoomcentercursor="1" sensitivity="8" lockedkeyboardzoom="0" lockedmouse="0" contextvr="1" invertwheel="0" dblclickfullscreen="0" invertcontrol="1" lockedkeyboard="0" contextprojections="0" simulatemass="1"/>
  </panorama>
  <panorama id="node7">
    <input leveltileurl="tiles/node7/cf_%c/l_%l/c_%x/tile_%y.jpg" leveltilesize="510" levelingpitch="0" width="1024" overlap="1" levelbiashidpi="1.000" levelbias="0.400" height="1024" levelingroll="0">
      <level width="1024" preload="0" height="1024" predecode="0"/>
      <level width="512" preload="0" height="512" predecode="0"/>
      <level width="256" preload="1" height="256" predecode="1"/>
      <preview color="0x808080" strip="1"/>
    </input>
    <view fovmode="2" pannorth="0">
      <start tilt="0" fov="100" pan="0" projection="4"/>
      <flyin tilt="-90" fov="170" pan="0" projection="9"/>
      <min tilt="-90" pan="0" fovpixel="2"/>
      <max fovfisheye="360" tilt="90" scaletofit="1" fov="140" pan="360" fovstereographic="330"/>
    </view>
    <userdata author="" heading="0" nodeid="node7" description="" source="" info="" copyright="" datetime="" title="" longitude="" comment="" latitude="" tags="" customnodeid=""/>
    <hotspots width="180" wordwrap="1" height="20" smoothmovement="0">
      <label borderalpha="1" borderradius="1" backgroundcolor="0xffffff" backgroundalpha="1" textcolor="0x000000" enabled="1" textalpha="1" width="180" bordercolor="0x000000" wordwrap="1" border="1" height="20" background="1"/>
      <polystyle borderalpha="1" handcursor="1" bordercolor="0x0000ff" backgroundcolor="0x0000ff" backgroundalpha="0.25098" mode="0"/>
      <hotspot skinid="ht_node" target="" tilt="-18.53" title="" url="{node5}" description="" id="Point01" pan="-87.73"/>
      <hotspot skinid="ht_node" target="" tilt="-20.46" title="" url="{node4}" description="" id="Point02" pan="-182.52"/>
    </hotspots>
    <media/>
    <transition zoomfov="40" delay="none" zoomafteroutfov="40" blendcolor="0x000000" zoomoutpause="1" blendtime="1" zoomspeed="2" zoomafterinfov="140" enabled="1" type="crossdissolve" softedge="0" zoomin="0" zoomout="0"/>
    <animation animsequence="Animation01" useinautorotation="0" syncanimationwithvideo="0" clipsrandom="0"/>
    <control rubberband="0" speedwheel="1" lockedwheel="0" contextfullscreen="1" hideabout="0" zoomcentercursor="1" sensitivity="8" lockedkeyboardzoom="0" lockedmouse="0" contextvr="1" invertwheel="0" dblclickfullscreen="0" invertcontrol="1" lockedkeyboard="0" contextprojections="0" simulatemass="1"/>
  </panorama>
  <panorama id="node13">
    <input leveltileurl="tiles/node13/cf_%c/l_%l/c_%x/tile_%y.jpg" leveltilesize="510" levelingpitch="0" width="1024" overlap="1" levelbiashidpi="1.000" levelbias="0.400" height="1024" levelingroll="0">
      <level width="1024" preload="0" height="1024" predecode="0"/>
      <level width="512" preload="0" height="512" predecode="0"/>
      <level width="256" preload="1" height="256" predecode="1"/>
      <preview color="0x808080" strip="1"/>
    </input>
    <view fovmode="2" pannorth="0">
      <start tilt="0" fov="100" pan="0" projection="4"/>
      <flyin tilt="-90" fov="170" pan="0" projection="9"/>
      <min tilt="-90" pan="0" fovpixel="2"/>
      <max fovfisheye="360" tilt="90" scaletofit="1" fov="140" pan="360" fovstereographic="330"/>
    </view>
    <userdata author="" heading="0" nodeid="node13" description="" source="" info="" copyright="" datetime="" title="" longitude="" comment="" latitude="" tags="" customnodeid=""/>
    <hotspots width="180" wordwrap="1" height="20" smoothmovement="0">
      <label borderalpha="1" borderradius="1" backgroundcolor="0xffffff" backgroundalpha="1" textcolor="0x000000" enabled="1" textalpha="1" width="180" bordercolor="0x000000" wordwrap="1" border="1" height="20" background="1"/>
      <polystyle borderalpha="1" handcursor="1" bordercolor="0x0000ff" backgroundcolor="0x0000ff" backgroundalpha="0.25098" mode="0"/>
      <hotspot skinid="ht_node" target="" tilt="-12.69" title="" url="{node5}" description="" id="Point01" pan="-201.47"/>
    </hotspots>
    <media/>
    <transition zoomfov="40" delay="none" zoomafteroutfov="40" blendcolor="0x000000" zoomoutpause="1" blendtime="1" zoomspeed="2" zoomafterinfov="140" enabled="1" type="crossdissolve" softedge="0" zoomin="0" zoomout="0"/>
    <animation animsequence="Animation01" useinautorotation="0" syncanimationwithvideo="0" clipsrandom="0"/>
    <control rubberband="0" speedwheel="1" lockedwheel="0" contextfullscreen="1" hideabout="0" zoomcentercursor="1" sensitivity="8" lockedkeyboardzoom="0" lockedmouse="0" contextvr="1" invertwheel="0" dblclickfullscreen="0" invertcontrol="1" lockedkeyboard="0" contextprojections="0" simulatemass="1"/>
  </panorama>
  <panorama id="node14">
    <input leveltileurl="tiles/node14/cf_%c/l_%l/c_%x/tile_%y.jpg" leveltilesize="510" levelingpitch="0" width="1024" overlap="1" levelbiashidpi="1.000" levelbias="0.400" height="1024" levelingroll="0">
      <level width="1024" preload="0" height="1024" predecode="0"/>
      <level width="512" preload="0" height="512" predecode="0"/>
      <level width="256" preload="1" height="256" predecode="1"/>
      <preview color="0x808080" strip="1"/>
    </input>
    <view fovmode="2" pannorth="0">
      <start tilt="0" fov="100" pan="0" projection="4"/>
      <flyin tilt="-90" fov="170" pan="0" projection="9"/>
      <min tilt="-90" pan="0" fovpixel="2"/>
      <max fovfisheye="360" tilt="90" scaletofit="1" fov="140" pan="360" fovstereographic="330"/>
    </view>
    <userdata author="" heading="0" nodeid="node14" description="" source="" info="" copyright="" datetime="" title="" longitude="" comment="" latitude="" tags="" customnodeid=""/>
    <hotspots width="180" wordwrap="1" height="20" smoothmovement="0">
      <label borderalpha="1" borderradius="1" backgroundcolor="0xffffff" backgroundalpha="1" textcolor="0x000000" enabled="1" textalpha="1" width="180" bordercolor="0x000000" wordwrap="1" border="1" height="20" background="1"/>
      <polystyle borderalpha="1" handcursor="1" bordercolor="0x0000ff" backgroundcolor="0x0000ff" backgroundalpha="0.25098" mode="0"/>
      <hotspot skinid="ht_node" target="" tilt="-14.71" title="" url="{node4}" description="" id="Point01" pan="-316.51"/>
    </hotspots>
    <media/>
    <transition zoomfov="40" delay="none" zoomafteroutfov="40" blendcolor="0x000000" zoomoutpause="1" blendtime="1" zoomspeed="2" zoomafterinfov="140" enabled="1" type="crossdissolve" softedge="0" zoomin="0" zoomout="0"/>
    <animation animsequence="Animation01" useinautorotation="0" syncanimationwithvideo="0" clipsrandom="0"/>
    <control rubberband="0" speedwheel="1" lockedwheel="0" contextfullscreen="1" hideabout="0" zoomcentercursor="1" sensitivity="8" lockedkeyboardzoom="0" lockedmouse="0" contextvr="1" invertwheel="0" dblclickfullscreen="0" invertcontrol="1" lockedkeyboard="0" contextprojections="0" simulatemass="1"/>
  </panorama>
  <masternode>
    <userdata author="" copyright="" title="" description="" comment="" tags=""/>
    <animationsequences>
      <sequence title="Animation01"/>
    </animationsequences>
  </masternode>
</tour>
